Row,C0,C1,C2,C3,C4,C5,C6,C7,C8,C9,C10,C11,C12,C13,C14,C15,C16,C17,C18,C19,C20,C21,C22,C23,C24,C25,C26,C27,C28,C29,C30
0,0,1,2,3,4,5,6,7,8,9,10,11,12,13,14,15,16,17,18,19,20,21,22,23,24,25,27,26,28,29,30
1,0,1,2,3,4,5,6,7,8,9,10,12,11,13,14,15,16,17,18,19,20,21,22,23,24,25,26,27,28,29,30
2,0,1,2,3,4,5,6,7,8,9,10,11,12,13,14,15,16,17,18,20,19,21,22,23,24,25,26,27,28,29,30
3,0,1,2,3,4,5,6,7,8,9,10,11,12,13,14,15,16,17,18,19,20,21,22,24,23,25,26,27,28,29,30
4,0,1,2,3,4,5,6,7,9,8,10,11,12,13,14,15,16,17,18,19,20,21,22,23,24,25,26,27,28,29,30
5,0,1,2,3,5,4,6,7,8,9,10,11,12,13,14,15,16,17,18,19,20,21,22,23,24,25,26,27,28,29,30
6,0,1,2,3,4,5,6,7,8,9,10,11,12,13,14,15,17,16,18,19,20,21,22,23,24,25,26,27,28,29,30
7,0,2,1,3,4,5,6,7,8,9,10,11,12,13,14,15,16,17,18,19,20,21,22,23,24,25,26,27,28,29,30
END
